aten_op,failed,has_sharding,has_decomp,fully_coverable,decomp_ops,blocking_ops,blocking_reasons,is_constructor
aten._adaptive_avg_pool2d.default,False,False,True,False,aten.add.Tensor;aten.arange.default;aten.div.Tensor;aten.div.Tensor_mode;aten.ge.Tensor;aten.index.Tensor;aten.masked_fill.Scalar;aten.minimum.default;aten.mul.Tensor;aten.scalar_tensor.default;aten.select.int;aten.sub.Tensor;aten.unsqueeze.default,aten.arange.default;aten.scalar_tensor.default,aten.arange.default:decomp_but_untraced;aten.scalar_tensor.default:no_decomp,False
aten._adaptive_avg_pool3d.default,False,False,False,False,,,,False
aten._batch_norm_with_update.default,False,False,True,False,aten.add.Tensor;aten.copy_.default;aten.empty.memory_format;aten.mul.Tensor;aten.rsqrt.default;aten.squeeze.dims;aten.sub.Tensor;aten.unsqueeze.default;aten.var_mean.correction,aten.empty.memory_format;aten.squeeze.dims;aten.var_mean.correction,aten.var_mean.correction:blocked_by_3_ops;aten.empty.memory_format:no_decomp;aten.squeeze.dims:blocked_by_1_ops,False
aten._cdist_forward.default,False,False,False,False,,,,False
aten._chunk_cat.default,False,False,True,False,,,,False
aten._conj.default,False,True,False,True,,,,False
aten._embedding_bag_forward_only.default,False,False,False,False,,,,False
aten._fft_c2c.default,False,False,False,False,,,,False
aten._fft_c2r.default,False,False,False,False,,,,False
aten._fft_r2c.default,False,False,False,False,,,,False
aten._histogramdd_from_bin_cts.default,False,False,False,False,,,,False
aten._linalg_det.default,False,False,False,False,,,,False
aten._linalg_slogdet.default,False,False,False,False,,,,False
aten._linalg_svd.default,False,True,False,True,,,,False
aten._local_scalar_dense.default,False,True,False,True,,,,False
aten._log_softmax.default,False,True,True,True,,,,False
aten._native_batch_norm_legit.default,False,False,True,False,aten.add.Tensor;aten.copy_.default;aten.mul.Tensor;aten.rsqrt.default;aten.squeeze.dims;aten.sub.Tensor;aten.unsqueeze.default;aten.var_mean.correction,aten.squeeze.dims;aten.var_mean.correction,aten.var_mean.correction:blocked_by_3_ops;aten.squeeze.dims:blocked_by_1_ops,False
aten._pdist_forward.default,False,False,False,False,,,,False
aten._prelu_kernel.default,False,False,True,True,aten.gt.Scalar;aten.mul.Tensor;aten.where.self,,,False
aten._safe_softmax.default,False,True,True,True,,,,False
aten._scaled_mm.default,False,True,False,True,,,,False
aten._softmax_backward_data.default,False,True,True,True,,,,False
aten._softmax.default,False,True,True,True,,,,False
aten._to_copy.default,False,True,True,True,,,,False
aten._unique2.default,False,False,False,False,,,,False
aten._unsafe_masked_index_put_accumulate.default,False,False,True,False,,,,False
aten._unsafe_masked_index.default,False,False,True,False,,,,False
aten._unsafe_view.default,False,True,True,True,,,,False
aten._upsample_bilinear2d_aa.default,False,False,False,False,,,,False
aten._upsample_nearest_exact1d.default,False,False,True,False,aten._to_copy.default;aten._unsafe_index.Tensor;aten.add.Tensor;aten.arange.default;aten.mul.Tensor,aten._unsafe_index.Tensor;aten.arange.default,aten._unsafe_index.Tensor:decomp_but_untraced;aten.arange.default:decomp_but_untraced,False
aten.abs.default,False,True,True,True,,,,False
aten.acos.default,False,True,True,True,,,,False
aten.acosh.default,False,True,True,True,,,,False
aten.adaptive_max_pool2d.default,False,False,False,False,,,,False
aten.adaptive_max_pool3d.default,False,False,False,False,,,,False
aten.add_.Tensor,False,True,True,True,,,,False
aten.add.Tensor,False,True,True,True,,,,False
aten.addbmm.default,False,False,False,False,,,,False
aten.addcdiv.default,False,True,True,True,,,,False
aten.addcmul.default,False,True,True,True,,,,False
aten.addmm.default,False,True,True,True,,,,False
aten.addmv.default,False,False,True,True,aten.add.Tensor;aten.mul.Tensor;aten.mv.default,,,False
aten.addr.default,False,False,True,True,aten.add.Tensor;aten.expand.default;aten.mul.Tensor;aten.view.default,,,False
aten.alias_copy.default,False,False,True,True,aten.alias.default;aten.clone.default,,,False
aten.all.default,False,True,True,True,,,,False
aten.allclose.default,False,False,False,False,,,,False
aten.amax.default,False,True,True,True,,,,False
aten.amin.default,False,True,True,True,,,,False
aten.aminmax.default,False,False,True,True,aten.amax.default;aten.amin.default,,,False
aten.angle.default,False,True,False,True,,,,False
aten.any.default,False,True,True,True,,,,False
aten.arange.start_step,False,False,True,False,prims.iota.default,prims.iota.default,prims.iota.default:no_decomp,True
aten.argmax.default,False,True,False,True,,,,False
aten.argmin.default,False,True,False,True,,,,False
aten.as_strided_copy.default,False,False,True,False,aten.as_strided.default;aten.clone.default,aten.as_strided.default,aten.as_strided.default:no_decomp,False
aten.as_strided_scatter.default,False,False,True,False,prims.as_strided_scatter.default,prims.as_strided_scatter.default,prims.as_strided_scatter.default:no_decomp,False
aten.as_strided.default,False,False,False,False,,,,False
aten.asin.default,False,True,True,True,,,,False
aten.asinh.default,False,True,True,True,,,,False
aten.atan.default,False,True,True,True,,,,False
aten.atan2.default,False,True,True,True,,,,False
aten.atanh.default,False,True,True,True,,,,False
aten.avg_pool2d.default,False,False,False,False,,,,False
aten.avg_pool3d.default,False,False,False,False,,,,False
aten.baddbmm.default,False,True,True,True,,,,False
aten.bernoulli.default,False,True,True,True,,,,False
aten.binary_cross_entropy_with_logits.default,False,False,True,True,aten.log_sigmoid_forward.default;aten.mean.default;aten.mul.Tensor;aten.rsub.Scalar;aten.sub.Tensor,,,False
aten.binary_cross_entropy.default,False,False,True,True,aten.log.default;aten.log1p.default;aten.maximum.default;aten.mean.default;aten.mul.Tensor;aten.neg.default;aten.new_full.default;aten.sub.Tensor,,,False
aten.bincount.default,False,False,False,False,,,,False
aten.bitwise_and.Tensor,False,True,True,True,,,,False
aten.bitwise_left_shift.Tensor,False,True,True,True,,,,False
aten.bitwise_not.default,False,True,True,True,,,,False
aten.bitwise_or_.Tensor,False,True,True,True,,,,False
aten.bitwise_or.Tensor,False,True,True,True,,,,False
aten.bitwise_right_shift.Tensor,False,True,True,True,,,,False
aten.bitwise_xor.Tensor,False,True,True,True,,,,False
aten.block_diag.default,False,False,True,False,,,,False
aten.bmm.default,False,True,False,True,,,,False
aten.bucketize.Tensor,False,True,True,True,,,,False
aten.cat.default,False,True,True,True,,,,False
aten.cauchy_.default,False,False,True,True,aten.add.Tensor;aten.copy_.default;aten.mul.Tensor;aten.rand_like.default;aten.sub.Tensor;aten.tan.default,,,False
aten.ceil.default,False,True,True,True,,,,False
aten.celu.default,False,False,True,True,aten.expm1.default;aten.gt.Scalar;aten.where.self,,,False
aten.channel_shuffle.default,False,False,True,True,aten._unsafe_view.default;aten.clone.default;aten.transpose.int;aten.view.default,,,False
aten.clamp_max.Tensor,False,True,True,True,,,,False
aten.clamp_min.Tensor,False,True,True,True,,,,False
aten.clamp.Tensor,False,True,True,True,,,,False
aten.clone.default,False,True,True,True,,,,False
aten.complex.default,False,False,True,True,aten.copy_.default;aten.new_empty.default;aten.select.int;aten.view_as_real.default,,,False
aten.constant_pad_nd.default,False,True,True,True,,,,False
aten.convolution.default,False,True,False,True,,,,False
aten.copy_.default,False,True,False,True,,,,False
aten.copysign.Tensor,False,True,True,True,,,,False
aten.cos.default,False,True,True,True,,,,False
aten.cosh.default,False,True,True,True,,,,False
aten.count_nonzero.default,False,False,True,True,aten.ne.Scalar;aten.sum.dim_IntList,,,False
aten.cummax.default,False,False,False,False,,,,False
aten.cummin.default,False,False,False,False,,,,False
aten.cumprod.default,False,False,True,False,aten.arange.default;aten.le.Tensor;aten.scalar_tensor.default;aten.unsqueeze.default;aten.where.self;prims.prod.default,aten.arange.default;aten.scalar_tensor.default;prims.prod.default,prims.prod.default:no_decomp;aten.arange.default:decomp_but_untraced;aten.scalar_tensor.default:no_decomp,False
aten.cumsum.default,False,True,True,True,,,,False
aten.deg2rad.default,False,True,True,True,,,,False
aten.diag_embed.default,False,True,True,True,,,,False
aten.diagonal_copy.default,False,True,True,True,,,,False
aten.diagonal_scatter.default,False,False,True,False,aten.as_strided.default;aten.clone.default;aten.diagonal.default;prims.copy_to.default,aten.as_strided.default;prims.copy_to.default,prims.copy_to.default:no_decomp;aten.as_strided.default:no_decomp,False
aten.diagonal.default,False,True,True,True,,,,False
aten.digamma.default,False,True,True,True,,,,False
aten.dist.default,False,False,True,False,aten.norm.Scalar;aten.sub.Tensor,aten.norm.Scalar,aten.norm.Scalar:decomp_but_untraced,False
aten.div.Scalar,False,True,True,True,,,,False
aten.div.Tensor,False,True,True,True,,,,False
aten.div.Tensor_mode,False,True,True,True,,,,False
aten.dot.default,False,True,True,True,,,,False
aten.elu.default,False,False,True,True,aten.expm1.default;aten.gt.Scalar;aten.mul.Tensor;aten.where.self,,,False
aten.embedding.default,False,True,True,True,,,,False
aten.empty_like.default,False,True,True,True,,,,False
aten.empty_permuted.default,False,False,False,False,,,,True
aten.empty_strided.default,False,False,True,False,prims.empty_strided.default,prims.empty_strided.default,prims.empty_strided.default:no_decomp,True
aten.empty.memory_format,False,False,False,False,,,,True
aten.eq.Tensor,False,True,True,True,,,,False
aten.equal.default,False,True,False,True,,,,False
aten.erf.default,False,True,True,True,,,,False
aten.erfc.default,False,True,True,True,,,,False
aten.erfinv.default,False,True,True,True,,,,False
aten.exp.default,False,True,True,True,,,,False
aten.exp2.default,False,True,True,True,,,,False
aten.expand_copy.default,False,False,True,True,aten.clone.default;aten.expand.default,,,False
aten.expand.default,False,True,True,True,,,,False
aten.expm1.default,False,True,True,True,,,,False
aten.exponential_.default,False,False,True,False,aten.copy_.default;aten.ge.Scalar;aten.log.default;aten.mul.Tensor;aten.rand_like.default;aten.scalar_tensor.default;aten.where.self,aten.scalar_tensor.default,aten.scalar_tensor.default:no_decomp,False
aten.eye.default,False,False,True,False,aten._to_copy.default;aten.arange.default;aten.eq.Tensor;aten.unsqueeze.default,aten.arange.default,aten.arange.default:decomp_but_untraced,True
aten.fill.Scalar,False,False,True,True,aten.full_like.default,,,False
aten.flip.default,False,False,True,False,prims.rev.default,prims.rev.default,prims.rev.default:no_decomp,False
aten.floor_divide.default,False,False,True,True,aten.div.Tensor_mode,,,False
aten.floor.default,False,True,True,True,,,,False
aten.fmax.default,False,False,True,False,prims.fmax.default,prims.fmax.default,prims.fmax.default:no_decomp,False
aten.fmin.default,False,False,True,False,prims.fmin.default,prims.fmin.default,prims.fmin.default:no_decomp,False
aten.fmod.Tensor,False,True,True,True,,,,False
aten.frac.default,False,True,True,True,,,,False
aten.fractional_max_pool2d.default,False,False,False,False,,,,False
aten.fractional_max_pool3d.default,False,False,False,False,,,,False
aten.frexp.Tensor,False,False,True,False,prims.frexp.default,prims.frexp.default,prims.frexp.default:no_decomp,False
aten.full_like.default,False,True,False,True,,,,False
aten.full.default,False,False,True,False,aten.empty_strided.default;aten.fill.Scalar,aten.empty_strided.default,aten.empty_strided.default:blocked_by_1_ops,True
aten.gather.default,False,True,False,True,,,,False
aten.gcd.default,False,False,True,False,prims.gcd.default,prims.gcd.default,prims.gcd.default:no_decomp,False
aten.ge.Tensor,False,True,True,True,,,,False
aten.gelu.default,False,True,True,True,,,,False
aten.geometric_.default,False,False,True,True,aten.add.Tensor;aten.copy_.default;aten.div.Tensor;aten.floor.default;aten.log1p.default;aten.neg.default;aten.rand_like.default,,,False
aten.glu.default,False,False,True,True,aten.mul.Tensor;aten.sigmoid.default;aten.slice.Tensor,,,False
aten.grid_sampler_2d.default,False,False,True,False,aten._to_copy.default;aten.add.Tensor;aten.arange.default;aten.expand.default;aten.floor.default;aten.ge.Scalar;aten.index.Tensor;aten.logical_and.default;aten.lt.Scalar;aten.mul.Tensor;aten.scalar_tensor.default;aten.select.int;aten.sub.Tensor;aten.view.default;aten.where.self,aten.arange.default;aten.scalar_tensor.default,aten.arange.default:decomp_but_untraced;aten.scalar_tensor.default:no_decomp,False
aten.grid_sampler_3d.default,False,False,False,False,,,,False
aten.gt.Tensor,False,True,True,True,,,,False
aten.hardshrink.default,False,False,True,False,aten.abs.default;aten.le.Scalar;aten.scalar_tensor.default;aten.where.self,aten.scalar_tensor.default,aten.scalar_tensor.default:no_decomp,False
aten.hardsigmoid.default,False,False,True,True,aten.add.Tensor;aten.clamp.default;aten.div.Tensor,,,False
aten.hardswish.default,False,False,True,True,aten.add.Tensor;aten.clamp.default;aten.div.Tensor;aten.mul.Tensor,,,False
aten.hardtanh.default,False,False,True,True,aten.clamp.default,,,False
aten.hash_tensor.default,False,False,False,False,,,,False
aten.heaviside.default,False,False,True,False,aten.eq.Scalar;aten.isnan.default;aten.logical_or.default;aten.lt.Scalar;aten.scalar_tensor.default;aten.where.self,aten.scalar_tensor.default,aten.scalar_tensor.default:no_decomp,False
aten.histc.default,False,True,False,True,,,,False
aten.histogram.bin_ct,False,False,False,False,,,,False
aten.huber_loss.default,False,False,True,True,aten.abs.default;aten.lt.Scalar;aten.mul.Tensor;aten.sub.Tensor;aten.where.self,,,False
aten.hypot.default,False,True,True,True,,,,False
aten.i0.default,False,True,True,True,,,,False
aten.igamma.default,False,True,True,True,,,,False
aten.igammac.default,False,True,True,True,,,,False
aten.im2col.default,False,False,True,False,aten.add.Tensor;aten.arange.start_step;aten.constant_pad_nd.default;aten.index.Tensor;aten.permute.default;aten.unsqueeze.default;aten.view.default,aten.arange.start_step,aten.arange.start_step:blocked_by_1_ops,False
aten.index_add.default,False,False,True,True,aten.index_put.default;aten.squeeze.dim;aten.unsqueeze.default,,,False
aten.index_copy.default,False,False,True,True,aten.index_put.default;aten.squeeze.dim;aten.unsqueeze.default,,,False
aten.index_fill.int_Scalar,False,False,True,False,aten.clone.default;aten.expand.default;aten.index_copy.default;aten.scalar_tensor.default;aten.squeeze.dim;aten.unsqueeze.default,aten.scalar_tensor.default,aten.scalar_tensor.default:no_decomp,False
aten.index_put.default,False,True,False,True,,,,False
aten.index_reduce.default,False,False,False,False,,,,False
aten.index_select.default,False,True,True,True,,,,False
aten.index.Tensor,False,True,False,True,,,,False
aten.isin.Tensor_Tensor,False,False,True,False,aten.any.dims;aten.eq.Tensor;aten.view.default,aten.any.dims,aten.any.dims:decomp_but_untraced,False
aten.isinf.default,False,True,True,True,,,,False
aten.isnan.default,False,True,True,True,,,,False
aten.isneginf.default,False,True,True,True,,,,False
aten.isposinf.default,False,True,True,True,,,,False
aten.kthvalue.default,False,False,False,False,,,,False
aten.lcm.default,False,False,True,False,aten.abs.default;aten.eq.Scalar;aten.gcd.default;aten.mul.Tensor;aten.scalar_tensor.default;aten.where.self;prims.div.default,aten.gcd.default;aten.scalar_tensor.default;prims.div.default,prims.div.default:no_decomp;aten.gcd.default:blocked_by_1_ops;aten.scalar_tensor.default:no_decomp,False
aten.le.Tensor,False,True,True,True,,,,False
aten.leaky_relu.default,False,False,True,True,aten.gt.Scalar;aten.mul.Tensor;aten.where.self,,,False
aten.lerp.Scalar,False,True,True,True,,,,False
aten.lgamma.default,False,True,True,True,,,,False
aten.linalg_cross.default,False,False,True,False,aten.add.Tensor;aten.arange.default;aten.index_select.default;aten.mul.Tensor;aten.remainder.Scalar;aten.sub.Tensor,aten.arange.default,aten.arange.default:decomp_but_untraced,False
aten.linalg_matrix_exp.default,False,False,False,False,,,,False
aten.linalg_vector_norm.default,False,True,True,True,,,,False
aten.linspace.default,False,False,True,False,aten.full.default,aten.full.default,aten.full.default:blocked_by_1_ops,True
aten.linspace.Tensor_Tensor,False,False,True,False,aten._to_copy.default;aten.full.default,aten.full.default,aten.full.default:blocked_by_1_ops,False
aten.log_normal_.default,False,False,True,True,aten.add.Tensor;aten.copy_.default;aten.exp.default;aten.mul.Tensor;aten.randn_like.default,,,False
aten.log_sigmoid_forward.default,False,False,True,True,aten.abs.default;aten.exp.default;aten.log1p.default;aten.minimum.default;aten.neg.default;aten.new_zeros.default;aten.sub.Tensor,,,False
aten.log.default,False,True,True,True,,,,False
aten.log10.default,False,True,True,True,,,,False
aten.log1p.default,False,True,True,True,,,,False
aten.log2.default,False,True,True,True,,,,False
aten.logaddexp.default,False,True,True,True,,,,False
aten.logaddexp2.default,False,True,True,True,,,,False
aten.logcumsumexp.default,False,False,False,False,,,,False
aten.logical_and.default,False,True,True,True,,,,False
aten.logical_not.default,False,True,True,True,,,,False
aten.logical_or.default,False,True,True,True,,,,False
aten.logical_xor.default,False,True,True,True,,,,False
aten.logit.default,False,True,True,True,,,,False
aten.logspace.default,False,False,True,False,aten._to_copy.default;aten.linspace.default;aten.pow.Scalar,aten.linspace.default,aten.linspace.default:blocked_by_1_ops,True
aten.logspace.Tensor_Tensor,False,False,True,False,aten._to_copy.default;aten.linspace.Tensor_Tensor;aten.pow.Scalar,aten.linspace.Tensor_Tensor,aten.linspace.Tensor_Tensor:blocked_by_1_ops,False
aten.logsumexp.default,False,True,True,True,,,,False
aten.lt.Tensor,False,True,True,True,,,,False
aten.masked_fill.Scalar,False,True,True,True,,,,False
aten.masked_scatter.default,False,False,False,False,,,,False
aten.masked_select.default,False,False,False,False,,,,False
aten.max_pool2d_with_indices_backward.default,False,False,False,False,,,,False
aten.max_pool2d_with_indices.default,False,False,False,False,,,,False
aten.max_pool3d_with_indices.default,False,False,False,False,,,,False
aten.max_unpool2d.default,False,False,True,False,aten._unsafe_index_put.default;aten.add.Tensor;aten.arange.default;aten.mul.Tensor;aten.new_zeros.default;aten.view.default,aten._unsafe_index_put.default;aten.arange.default,aten._unsafe_index_put.default:decomp_but_untraced;aten.arange.default:decomp_but_untraced,False
aten.max_unpool3d.default,False,False,True,False,aten._unsafe_index_put.default;aten.add.Tensor;aten.arange.default;aten.mul.Tensor;aten.new_zeros.default;aten.view.default,aten._unsafe_index_put.default;aten.arange.default,aten._unsafe_index_put.default:decomp_but_untraced;aten.arange.default:decomp_but_untraced,False
aten.max.default,False,True,False,True,,,,False
aten.max.dim,False,True,False,True,,,,False
aten.maximum.default,False,True,True,True,,,,False
aten.mean.default,False,True,True,True,,,,False
aten.median.default,False,False,False,False,,,,False
aten.min.default,False,True,False,True,,,,False
aten.min.dim,False,True,False,True,,,,False
aten.minimum.default,False,True,True,True,,,,False
aten.mish.default,False,False,True,True,aten.mul.Tensor;aten.softplus.default;aten.tanh.default,,,False
aten.mm.default,False,True,False,True,,,,False
aten.mode.default,False,False,False,False,,,,False
aten.mse_loss.default,False,False,True,True,aten.mean.default;aten.pow.Tensor_Scalar;aten.sub.Tensor,,,False
aten.mul.Scalar,False,True,True,True,,,,False
aten.mul.Tensor,False,True,True,True,,,,False
aten.multi_margin_loss.default,False,False,True,False,aten.add.Tensor;aten.arange.default;aten.clamp_min.default;aten.gather.default;aten.mean.default;aten.ne.Tensor;aten.rsub.Scalar;aten.scalar_tensor.default;aten.unsqueeze.default;aten.view.default;aten.where.self,aten.arange.default;aten.ne.Tensor;aten.scalar_tensor.default,aten.scalar_tensor.default:no_decomp;aten.arange.default:decomp_but_untraced;aten.ne.Tensor:blocked_by_1_ops,False
aten.multilabel_margin_loss_forward.default,False,False,True,False,aten._to_copy.default;aten.add.Tensor;aten.amin.default;aten.any.dim;aten.arange.default;aten.clamp_min.default;aten.div.Tensor;aten.eq.Scalar;aten.eq.Tensor;aten.gather.default;aten.lt.Tensor;aten.mean.default;aten.permute.default;aten.rsub.Scalar;aten.scalar_tensor.default;aten.sum.dim_IntList;aten.unsqueeze.default;aten.view.default;aten.where.self,aten.arange.default;aten.scalar_tensor.default,aten.scalar_tensor.default:no_decomp;aten.arange.default:decomp_but_untraced,False
aten.multinomial.default,False,False,False,False,,,,False
aten.mv.default,False,False,True,True,aten.mul.Tensor;aten.sum.dim_IntList,,,False
aten.mvlgamma.default,False,True,True,True,,,,False
aten.nan_to_num.default,False,True,True,True,,,,False
aten.nanmedian.default,False,False,False,False,,,,False
aten.nanmedian.dim,False,False,False,False,,,,False
aten.nansum.default,False,False,True,False,aten.isnan.default;aten.scalar_tensor.default;aten.sum.dim_IntList;aten.where.self,aten.scalar_tensor.default,aten.scalar_tensor.default:no_decomp,False
aten.narrow_copy.default,False,False,True,True,aten.clone.default;aten.slice.Tensor,,,False
aten.native_batch_norm.default,False,False,True,False,aten.add.Tensor;aten.copy_.default;aten.mul.Tensor;aten.rsqrt.default;aten.squeeze.dims;aten.sub.Tensor;aten.unsqueeze.default;aten.var_mean.correction,aten.squeeze.dims;aten.var_mean.correction,aten.var_mean.correction:blocked_by_3_ops;aten.squeeze.dims:blocked_by_1_ops,False
aten.native_dropout_backward.default,False,True,True,True,,,,False
aten.native_group_norm.default,False,False,True,False,aten.add.Tensor;aten.as_strided.default;aten.mul.Tensor;aten.neg.default;aten.rsqrt.default;aten.squeeze.dims;aten.unsqueeze.default;aten.var_mean.correction;aten.view.default,aten.as_strided.default;aten.squeeze.dims;aten.var_mean.correction,aten.var_mean.correction:blocked_by_3_ops;aten.as_strided.default:no_decomp;aten.squeeze.dims:blocked_by_1_ops,False
aten.native_layer_norm.default,False,True,True,True,,,,False
aten.ne.Tensor,False,False,True,False,prims.ne.default,prims.ne.default,prims.ne.default:no_decomp,False
aten.neg.default,False,True,True,True,,,,False
aten.new_empty_strided.default,False,True,True,True,,,,False
aten.new_empty.default,False,True,True,True,,,,False
aten.new_full.default,False,True,True,True,,,,False
aten.new_ones.default,False,True,True,True,,,,False
aten.new_zeros.default,False,True,True,True,,,,False
aten.nextafter.default,False,True,True,True,,,,False
aten.nll_loss_forward.default,False,True,True,True,,,,False
aten.nonzero_static.default,False,False,False,False,,,,False
aten.nonzero.default,False,False,False,False,,,,False
aten.norm.ScalarOpt_dim,False,False,True,True,aten.linalg_vector_norm.default,,,False
aten.normal_.default,False,True,True,True,,,,False
aten.normal.float_float,False,False,True,False,aten.add.Tensor;aten.mul.Tensor;prims.normal.default,prims.normal.default,prims.normal.default:no_decomp,True
aten.normal.Tensor_Tensor,False,False,True,False,aten.add.Tensor;aten.mul.Tensor;prims.normal.default,prims.normal.default,prims.normal.default:no_decomp,False
aten.ones_like.default,False,True,True,True,,,,False
aten.ones.default,False,False,True,False,aten.full.default,aten.full.default,aten.full.default:blocked_by_1_ops,True
aten.permute_copy.default,False,False,True,True,aten.clone.default;aten.permute.default,,,False
aten.permute.default,False,True,True,True,,,,False
aten.pixel_shuffle.default,False,False,True,True,aten.clone.default;aten.permute.default;aten.view.default,,,False
aten.pixel_unshuffle.default,False,False,True,True,aten.clone.default;aten.permute.default;aten.view.default,,,False
aten.polar.default,False,False,True,True,aten.complex.default;aten.copy_.default;aten.cos.default;aten.mul.Tensor;aten.select.int;aten.sin.default;aten.view_as_real.default,,,False
aten.polygamma.default,False,True,False,True,,,,False
aten.pow.Tensor_Scalar,False,True,True,True,,,,False
aten.pow.Tensor_Tensor,False,True,True,True,,,,False
aten.prod.default,False,True,True,True,,,,False
aten.put.default,False,False,False,False,,,,False
aten.rad2deg.default,False,True,True,True,,,,False
aten.randint_like.default,False,True,False,True,,,,False
aten.randint.default,False,False,False,False,,,,True
aten.randn_like.default,False,True,False,True,,,,False
aten.randn.default,False,False,True,False,prims.normal.default,prims.normal.default,prims.normal.default:no_decomp,True
aten.reciprocal.default,False,True,True,True,,,,False
aten.reflection_pad1d.default,False,False,True,False,aten._unsafe_index.Tensor;aten.abs.default;aten.arange.start;aten.rsub.Scalar,aten._unsafe_index.Tensor;aten.arange.start,aten._unsafe_index.Tensor:decomp_but_untraced;aten.arange.start:decomp_but_untraced,False
aten.relu.default,False,True,True,True,,,,False
aten.remainder.Tensor,False,True,True,True,,,,False
aten.renorm.default,False,False,True,False,aten.add.Tensor;aten.gt.Scalar;aten.linalg_vector_norm.default;aten.mul.Tensor;aten.reciprocal.default;aten.scalar_tensor.default;aten.where.self,aten.scalar_tensor.default,aten.scalar_tensor.default:no_decomp,False
aten.repeat.default,False,True,True,True,,,,False
aten.replication_pad1d.default,False,False,True,False,aten._unsafe_index.Tensor;aten.arange.start;aten.clamp.default,aten._unsafe_index.Tensor;aten.arange.start,aten._unsafe_index.Tensor:decomp_but_untraced;aten.arange.start:decomp_but_untraced,False
aten.replication_pad2d.default,False,False,True,False,aten._unsafe_index.Tensor;aten.arange.start;aten.clamp.default,aten._unsafe_index.Tensor;aten.arange.start,aten._unsafe_index.Tensor:decomp_but_untraced;aten.arange.start:decomp_but_untraced,False
aten.resize_.default,False,False,False,False,,,,False
aten.resize_as_.default,False,False,False,False,,,,False
aten.roll.default,False,False,True,True,aten.clone.default,,,False
aten.rot90.default,False,False,True,False,aten.flip.default;aten.transpose.int,aten.flip.default,aten.flip.default:blocked_by_1_ops,False
aten.round.decimals,False,True,True,True,,,,False
aten.round.default,False,True,True,True,,,,False
aten.rrelu_with_noise.default,False,False,False,False,,,,False
aten.rsqrt.default,False,True,True,True,,,,False
aten.rsub.Tensor,False,False,True,True,aten.sub.Tensor,,,False
aten.scalar_tensor.default,False,False,False,False,,,,True
aten.scatter_.value,False,True,True,True,,,,False
aten.scatter_add.default,False,True,False,True,,,,False
aten.scatter_reduce.two,False,False,False,False,,,,False
aten.scatter.src,False,True,False,True,,,,False
aten.searchsorted.Tensor,False,False,False,False,,,,False
aten.segment_reduce.default,False,False,False,False,,,,False
aten.select_scatter.default,False,False,True,False,aten.arange.default;aten.eq.Scalar;aten.expand.default;aten.unsqueeze.default;aten.view.default;aten.where.self,aten.arange.default,aten.arange.default:decomp_but_untraced,False
aten.select.int,False,True,False,True,,,,False
aten.sgn.default,False,True,True,True,,,,False
aten.sigmoid.default,False,True,True,True,,,,False
aten.sign.default,False,True,True,True,,,,False
aten.signbit.default,False,True,True,True,,,,False
aten.silu.default,False,True,True,True,,,,False
aten.sin.default,False,True,True,True,,,,False
aten.sinc.default,False,True,True,True,,,,False
aten.sinh.default,False,True,True,True,,,,False
aten.slice_scatter.default,False,True,True,True,,,,False
aten.slice.Tensor,False,True,True,True,,,,False
aten.smooth_l1_loss.default,False,False,True,True,aten.abs.default;aten.div.Tensor;aten.lt.Scalar;aten.mean.default;aten.mul.Tensor;aten.pow.Tensor_Scalar;aten.sub.Tensor;aten.where.self,,,False
aten.soft_margin_loss.default,False,False,True,True,aten.exp.default;aten.log1p.default;aten.mean.default;aten.mul.Tensor;aten.neg.default,,,False
aten.softplus.default,False,False,True,True,aten.div.Tensor;aten.exp.default;aten.gt.Scalar;aten.log1p.default;aten.mul.Tensor;aten.where.self,,,False
aten.softshrink.default,False,False,True,True,aten.abs.default;aten.gt.Scalar;aten.mul.Tensor;aten.sign.default;aten.sub.Tensor;aten.where.self,,,False
aten.sort.default,False,True,False,True,,,,False
aten.special_airy_ai.default,False,False,False,False,,,,False
aten.special_bessel_j0.default,False,False,True,False,prims.bessel_j0.default,prims.bessel_j0.default,prims.bessel_j0.default:no_decomp,False
aten.special_bessel_j1.default,False,False,True,False,prims.bessel_j1.default,prims.bessel_j1.default,prims.bessel_j1.default:no_decomp,False
aten.special_bessel_y0.default,False,False,False,False,,,,False
aten.special_bessel_y1.default,False,False,False,False,,,,False
aten.special_chebyshev_polynomial_t.default,False,False,False,False,,,,False
aten.special_chebyshev_polynomial_u.default,False,False,False,False,,,,False
aten.special_chebyshev_polynomial_v.default,False,False,False,False,,,,False
aten.special_chebyshev_polynomial_w.default,False,False,False,False,,,,False
aten.special_entr.default,False,False,True,False,aten.eq.Scalar;aten.gt.Scalar;aten.isnan.default;aten.log.default;aten.mul.Tensor;aten.neg.default;aten.scalar_tensor.default;aten.where.self,aten.scalar_tensor.default,aten.scalar_tensor.default:no_decomp,False
aten.special_erfcx.default,False,False,True,False,prims.erfcx.default,prims.erfcx.default,prims.erfcx.default:no_decomp,False
aten.special_hermite_polynomial_h.default,False,False,False,False,,,,False
aten.special_hermite_polynomial_he.default,False,False,False,False,,,,False
aten.special_i0e.default,False,False,True,False,prims.bessel_i0e.default,prims.bessel_i0e.default,prims.bessel_i0e.default:no_decomp,False
aten.special_i1.default,False,False,True,False,prims.bessel_i1.default,prims.bessel_i1.default,prims.bessel_i1.default:no_decomp,False
aten.special_i1e.default,False,False,True,False,prims.bessel_i1e.default,prims.bessel_i1e.default,prims.bessel_i1e.default:no_decomp,False
aten.special_laguerre_polynomial_l.default,False,False,False,False,,,,False
aten.special_legendre_polynomial_p.default,False,False,False,False,,,,False
aten.special_log_ndtr.default,False,False,True,False,aten.div.Tensor;aten.erfc.default;aten.log.default;aten.log1p.default;aten.lt.Scalar;aten.mul.Tensor;aten.neg.default;aten.special_erfcx.default;aten.sub.Tensor;aten.where.self,aten.special_erfcx.default,aten.special_erfcx.default:blocked_by_1_ops,False
aten.special_modified_bessel_i0.default,False,False,False,False,,,,False
aten.special_modified_bessel_i1.default,False,False,False,False,,,,False
aten.special_modified_bessel_k0.default,False,False,False,False,,,,False
aten.special_modified_bessel_k1.default,False,False,False,False,,,,False
aten.special_ndtri.default,False,False,True,False,prims.ndtri.default,prims.ndtri.default,prims.ndtri.default:no_decomp,False
aten.special_scaled_modified_bessel_k0.default,False,False,False,False,,,,False
aten.special_scaled_modified_bessel_k1.default,False,False,False,False,,,,False
aten.special_shifted_chebyshev_polynomial_t.default,False,False,False,False,,,,False
aten.special_shifted_chebyshev_polynomial_u.default,False,False,False,False,,,,False
aten.special_shifted_chebyshev_polynomial_v.default,False,False,False,False,,,,False
aten.special_shifted_chebyshev_polynomial_w.default,False,False,False,False,,,,False
aten.special_spherical_bessel_j0.default,False,False,True,False,prims.spherical_bessel_j0.default,prims.spherical_bessel_j0.default,prims.spherical_bessel_j0.default:no_decomp,False
aten.special_xlog1py.default,False,False,True,False,aten.eq.Scalar;aten.isnan.default;aten.log1p.default;aten.mul.Tensor;aten.scalar_tensor.default;aten.where.self,aten.scalar_tensor.default,aten.scalar_tensor.default:no_decomp,False
aten.special_zeta.default,False,False,True,False,prims.zeta.default,prims.zeta.default,prims.zeta.default:no_decomp,False
aten.split_with_sizes_copy.default,False,True,True,True,,,,False
aten.split_with_sizes.default,False,True,True,True,,,,False
aten.split.Tensor,False,True,True,True,,,,False
aten.sqrt.default,False,True,True,True,,,,False
aten.squeeze_.dim,False,True,False,True,,,,False
aten.squeeze_copy.default,False,False,True,True,aten.clone.default;aten.squeeze.default,,,False
aten.squeeze.default,False,True,True,True,,,,False
aten.squeeze.dim,False,True,True,True,,,,False
aten.squeeze.dims,False,False,True,False,prims.view_of.default,prims.view_of.default,prims.view_of.default:no_decomp,False
aten.stack.default,False,True,True,True,,,,False
aten.std_mean.correction,False,False,True,False,aten.sqrt.default;aten.var_mean.correction,aten.var_mean.correction,aten.var_mean.correction:blocked_by_3_ops,False
aten.std.correction,False,True,True,True,,,,False
aten.sub.Tensor,False,True,True,True,,,,False
aten.sum.default,False,True,True,True,,,,False
aten.sum.dim_IntList,False,True,True,True,,,,False
aten.t_copy.default,False,False,True,True,aten.clone.default;aten.t.default,,,False
aten.t.default,False,True,True,True,,,,False
aten.take.default,False,False,True,True,aten.index.Tensor;aten.view.default,,,False
aten.tan.default,False,True,True,True,,,,False
aten.tanh.default,False,True,True,True,,,,False
aten.threshold.default,False,False,True,False,aten.le.Scalar;aten.scalar_tensor.default;aten.where.self,aten.scalar_tensor.default,aten.scalar_tensor.default:no_decomp,False
aten.topk.default,False,True,False,True,,,,False
aten.trace.default,False,False,True,True,aten.diagonal_copy.default;aten.sum.default,,,False
aten.transpose_copy.int,False,False,True,True,aten.clone.default;aten.transpose.int,,,False
aten.transpose.int,False,True,True,True,,,,False
aten.tril_indices.default,False,False,True,False,aten._to_copy.default;aten.add.Tensor;aten.arange.start;aten.cat.default;aten.floor.default;aten.floor_divide.default;aten.mul.Tensor;aten.remainder.Scalar;aten.sqrt.default;aten.stack.default;aten.sub.Tensor,aten.arange.start,aten.arange.start:decomp_but_untraced,True
aten.tril.default,False,True,True,True,,,,False
aten.triu_indices.default,False,False,True,False,aten._to_copy.default;aten.add.Tensor;aten.arange.start;aten.cat.default;aten.floor.default;aten.floor_divide.default;aten.mul.Tensor;aten.remainder.Scalar;aten.rsub.Scalar;aten.sqrt.default;aten.stack.default;aten.sub.Tensor,aten.arange.start,aten.arange.start:decomp_but_untraced,True
aten.triu.default,False,True,True,True,,,,False
aten.trunc.default,False,True,True,True,,,,False
aten.unbind_copy.int,False,False,True,True,aten.clone.default;aten.unbind.int,,,False
aten.unbind.int,False,True,True,True,,,,False
aten.unfold_copy.default,False,False,True,False,aten.clone.default;aten.unfold.default,aten.unfold.default,aten.unfold.default:blocked_by_1_ops,False
aten.unfold.default,False,False,True,False,aten.as_strided.default,aten.as_strided.default,aten.as_strided.default:no_decomp,False
aten.uniform_.default,False,True,True,True,,,,False
aten.unique_consecutive.default,False,False,False,False,,,,False
aten.unsafe_split.Tensor,False,False,True,True,aten.split.Tensor,,,False
aten.unsqueeze_copy.default,False,False,True,True,aten.clone.default;aten.unsqueeze.default,,,False
aten.unsqueeze.default,False,True,True,True,,,,False
aten.upsample_bicubic2d.default,False,True,True,True,,,,False
aten.upsample_bilinear2d.default,False,True,True,True,,,,False
aten.upsample_linear1d.default,False,True,True,True,,,,False
aten.upsample_nearest1d.default,False,False,True,False,aten._to_copy.default;aten._unsafe_index.Tensor;aten.add.Tensor;aten.arange.default;aten.mul.Tensor,aten._unsafe_index.Tensor;aten.arange.default,aten._unsafe_index.Tensor:decomp_but_untraced;aten.arange.default:decomp_but_untraced,False
aten.upsample_trilinear3d.default,False,True,True,True,,,,False
aten.var_mean.correction,False,False,True,False,prims.div.default;prims.sum.default;prims.var.default,prims.div.default;prims.sum.default;prims.var.default,prims.div.default:no_decomp;prims.var.default:no_decomp;prims.sum.default:no_decomp,False
aten.var.correction,False,True,True,True,,,,False
aten.vdot.default,False,False,True,True,aten.dot.default,,,False
aten.view_as_complex.default,False,True,False,True,,,,False
aten.view_copy.default,False,False,True,True,aten.clone.default;aten.view.default,,,False
aten.view.default,False,True,True,True,,,,False
aten.where.self,False,True,True,True,,,,False
aten.xlogy.Tensor,False,True,True,True,,,,False
aten.zero_.default,False,True,True,True,,,,False
aten.zeros_like.default,False,True,True,True,,,,False
aten.zeros.default,False,False,True,False,aten.full.default,aten.full.default,aten.full.default:blocked_by_1_ops,True
cholesky,True,False,False,False,,,,False
cholesky_inverse,True,False,False,False,,,,False
cholesky_solve,True,False,False,False,,,,False
geqrf,True,False,False,False,,,,False
imag,True,False,False,False,,,,False
istft,True,False,False,False,,,,False
jiterator_2inputs_2outputs,True,False,False,False,,,,False
jiterator_4inputs_with_extra_args,True,False,False,False,,,,False
jiterator_binary,True,False,False,False,,,,False
jiterator_binary_return_by_ref,True,False,False,False,,,,False
jiterator_unary,True,False,False,False,,,,False
linalg.cholesky,True,False,False,False,,,,False
linalg.cholesky_ex,True,False,False,False,,,,False
linalg.cond,True,False,False,False,,,,False
linalg.eig,True,False,False,False,,,,False
linalg.eigh,True,False,False,False,,,,False
linalg.eigvals,True,False,False,False,,,,False
linalg.eigvalsh,True,False,False,False,,,,False
linalg.householder_product,True,False,False,False,,,,False
linalg.inv,True,False,False,False,,,,False
linalg.inv_ex,True,False,False,False,,,,False
linalg.ldl_factor,True,False,False,False,,,,False
linalg.ldl_factor_ex,True,False,False,False,,,,False
linalg.ldl_solve,True,False,False,False,,,,False
linalg.lstsq,True,False,False,False,,,,False
linalg.lu,True,False,False,False,,,,False
linalg.lu_factor,True,False,False,False,,,,False
linalg.lu_factor_ex,True,False,False,False,,,,False
linalg.lu_solve,True,False,False,False,,,,False
linalg.matrix_rank,True,False,False,False,,,,False
linalg.pinv,True,False,False,False,,,,False
linalg.qr,True,False,False,False,,,,False
linalg.solve,True,False,False,False,,,,False
linalg.solve_ex,True,False,False,False,,,,False
linalg.solve_triangular,True,False,False,False,,,,False
linalg.svdvals,True,False,False,False,,,,False
linalg.tensorinv,True,False,False,False,,,,False
linalg.tensorsolve,True,False,False,False,,,,False
lu,True,False,False,False,,,,False
lu_solve,True,False,False,False,,,,False
lu_unpack,True,False,False,False,,,,False
nn.functional.batch_norm,True,False,False,False,,,,False
nn.functional.silu,True,False,False,False,,,,False
norm,True,False,False,False,,,,False
ormqr,True,False,False,False,,,,False
pca_lowrank,True,False,False,False,,,,False
pinverse,True,False,False,False,,,,False
qr,True,False,False,False,,,,False
sparse.mm,True,False,False,False,,,,False
sparse.sampled_addmm,True,False,False,False,,,,False
svd_lowrank,True,False,False,False,,,,False
to_sparse,True,False,False,False,,,,False
torch._scaled_mm_v2,True,False,False,False,,,,False
torch.ops.aten._efficient_attention_forward,True,False,False,False,,,,False
torch.ops.aten._flash_attention_forward,True,False,False,False,,,,False
triangular_solve,True,False,False,False,,,,False
view_as_real,True,False,False,False,,,,False
