aten_op,failed,has_sharding,has_decomp,fully_coverable,decomp_ops,blocking_ops,blocking_reasons
aten._adaptive_avg_pool2d.default,False,False,True,False,aten.add.Tensor;aten.arange.default;aten.div.Tensor;aten.div.Tensor_mode;aten.ge.Tensor;aten.index.Tensor;aten.masked_fill.Scalar;aten.minimum.default;aten.mul.Tensor;aten.scalar_tensor.default;aten.select.int;aten.sub.Tensor;aten.unsqueeze.default,aten.arange.default;aten.scalar_tensor.default,aten.arange.default:decomp_but_untraced;aten.scalar_tensor.default:no_decomp
aten._adaptive_avg_pool3d.default,False,False,False,False,,,
aten._batch_norm_with_update.default,False,False,True,False,aten.add.Tensor;aten.copy_.default;aten.empty.memory_format;aten.mul.Tensor;aten.rsqrt.default;aten.squeeze.dims;aten.sub.Tensor;aten.unsqueeze.default;aten.var_mean.correction,aten.empty.memory_format;aten.squeeze.dims;aten.var_mean.correction,aten.var_mean.correction:blocked_by_3_ops;aten.empty.memory_format:no_decomp;aten.squeeze.dims:blocked_by_1_ops
aten._cdist_forward.default,False,False,False,False,,,
aten._chunk_cat.default,False,False,True,False,,,
aten._conj.default,False,True,False,True,,,
aten._embedding_bag_forward_only.default,False,False,False,False,,,
aten._fft_c2c.default,False,False,False,False,,,
aten._fft_c2r.default,False,False,False,False,,,
aten._fft_r2c.default,False,False,False,False,,,
aten._histogramdd_from_bin_cts.default,False,False,False,False,,,
aten._linalg_det.default,False,False,False,False,,,
aten._linalg_slogdet.default,False,False,False,False,,,
aten._linalg_svd.default,False,True,False,True,,,
aten._local_scalar_dense.default,False,True,False,True,,,
aten._log_softmax.default,False,True,True,True,,,
aten._native_batch_norm_legit.default,False,False,True,False,aten.add.Tensor;aten.copy_.default;aten.mul.Tensor;aten.rsqrt.default;aten.squeeze.dims;aten.sub.Tensor;aten.unsqueeze.default;aten.var_mean.correction,aten.squeeze.dims;aten.var_mean.correction,aten.var_mean.correction:blocked_by_3_ops;aten.squeeze.dims:blocked_by_1_ops
aten._pdist_forward.default,False,False,False,False,,,
aten._prelu_kernel.default,False,False,True,True,aten.gt.Scalar;aten.mul.Tensor;aten.where.self,,
aten._safe_softmax.default,False,True,True,True,,,
aten._scaled_mm.default,False,True,False,True,,,
aten._softmax_backward_data.default,False,True,True,True,,,
aten._softmax.default,False,True,True,True,,,
aten._to_copy.default,False,True,True,True,,,
aten._unique2.default,False,False,False,False,,,
aten._unsafe_masked_index_put_accumulate.default,False,False,True,False,,,
aten._unsafe_masked_index.default,False,False,True,False,,,
aten._unsafe_view.default,False,True,True,True,,,
aten._upsample_bilinear2d_aa.default,False,False,False,False,,,
aten._upsample_nearest_exact1d.default,False,False,True,False,aten._to_copy.default;aten._unsafe_index.Tensor;aten.add.Tensor;aten.arange.default;aten.mul.Tensor,aten._unsafe_index.Tensor;aten.arange.default,aten._unsafe_index.Tensor:decomp_but_untraced;aten.arange.default:decomp_but_untraced
aten.abs.default,False,True,True,True,,,
aten.acos.default,False,True,True,True,,,
aten.acosh.default,False,True,True,True,,,
aten.adaptive_max_pool2d.default,False,False,False,False,,,
aten.adaptive_max_pool3d.default,False,False,False,False,,,
aten.add_.Tensor,False,True,True,True,,,
aten.add.Tensor,False,True,True,True,,,
aten.addbmm.default,False,False,False,False,,,
aten.addcdiv.default,False,True,True,True,,,
aten.addcmul.default,False,True,True,True,,,
aten.addmm.default,False,True,True,True,,,
aten.addmv.default,False,False,True,True,aten.add.Tensor;aten.mul.Tensor;aten.mv.default,,
aten.addr.default,False,False,True,True,aten.add.Tensor;aten.expand.default;aten.mul.Tensor;aten.view.default,,
aten.alias_copy.default,False,False,True,True,aten.alias.default;aten.clone.default,,
aten.all.default,False,True,True,True,,,
aten.allclose.default,False,False,False,False,,,
aten.amax.default,False,True,True,True,,,
aten.amin.default,False,True,True,True,,,
aten.aminmax.default,False,False,True,True,aten.amax.default;aten.amin.default,,
aten.angle.default,False,True,False,True,,,
aten.any.default,False,True,True,True,,,
aten.arange.start_step,False,False,True,False,prims.iota.default,prims.iota.default,prims.iota.default:no_decomp
aten.argmax.default,False,True,False,True,,,
aten.argmin.default,False,True,False,True,,,
aten.as_strided_copy.default,False,False,True,False,aten.as_strided.default;aten.clone.default,aten.as_strided.default,aten.as_strided.default:no_decomp
aten.as_strided_scatter.default,False,False,True,False,prims.as_strided_scatter.default,prims.as_strided_scatter.default,prims.as_strided_scatter.default:no_decomp
aten.as_strided.default,False,False,False,False,,,
aten.asin.default,False,True,True,True,,,
aten.asinh.default,False,True,True,True,,,
aten.atan.default,False,True,True,True,,,
aten.atan2.default,False,True,True,True,,,
aten.atanh.default,False,True,True,True,,,
aten.avg_pool2d.default,False,False,False,False,,,
aten.avg_pool3d.default,False,False,False,False,,,
aten.baddbmm.default,False,True,True,True,,,
aten.bernoulli.default,False,True,True,True,,,
aten.binary_cross_entropy_with_logits.default,False,False,True,True,aten.log_sigmoid_forward.default;aten.mean.default;aten.mul.Tensor;aten.rsub.Scalar;aten.sub.Tensor,,
aten.binary_cross_entropy.default,False,False,True,True,aten.log.default;aten.log1p.default;aten.maximum.default;aten.mean.default;aten.mul.Tensor;aten.neg.default;aten.new_full.default;aten.sub.Tensor,,
aten.bincount.default,False,False,False,False,,,
aten.bitwise_and.Tensor,False,True,True,True,,,
aten.bitwise_left_shift.Tensor,False,True,True,True,,,
aten.bitwise_not.default,False,True,True,True,,,
aten.bitwise_or_.Tensor,False,True,True,True,,,
aten.bitwise_or.Tensor,False,True,True,True,,,
aten.bitwise_right_shift.Tensor,False,True,True,True,,,
aten.bitwise_xor.Tensor,False,True,True,True,,,
aten.block_diag.default,False,False,True,False,,,
aten.bmm.default,False,True,False,True,,,
aten.bucketize.Tensor,False,True,True,True,,,
aten.cat.default,False,True,True,True,,,
aten.cauchy_.default,False,False,True,True,aten.add.Tensor;aten.copy_.default;aten.mul.Tensor;aten.rand_like.default;aten.sub.Tensor;aten.tan.default,,
aten.ceil.default,False,True,True,True,,,
aten.celu.default,False,False,True,True,aten.expm1.default;aten.gt.Scalar;aten.where.self,,
aten.channel_shuffle.default,False,False,True,True,aten._unsafe_view.default;aten.clone.default;aten.transpose.int;aten.view.default,,
aten.clamp_max.Tensor,False,True,True,True,,,
aten.clamp_min.Tensor,False,True,True,True,,,
aten.clamp.Tensor,False,True,True,True,,,
aten.clone.default,False,True,True,True,,,
aten.complex.default,False,False,True,True,aten.copy_.default;aten.new_empty.default;aten.select.int;aten.view_as_real.default,,
aten.constant_pad_nd.default,False,True,True,True,,,
aten.convolution.default,False,True,False,True,,,
aten.copy_.default,False,True,False,True,,,
aten.copysign.Tensor,False,True,True,True,,,
aten.cos.default,False,True,True,True,,,
aten.cosh.default,False,True,True,True,,,
aten.count_nonzero.default,False,False,True,True,aten.ne.Scalar;aten.sum.dim_IntList,,
aten.cummax.default,False,False,False,False,,,
aten.cummin.default,False,False,False,False,,,
aten.cumprod.default,False,False,True,False,aten.arange.default;aten.le.Tensor;aten.scalar_tensor.default;aten.unsqueeze.default;aten.where.self;prims.prod.default,aten.arange.default;aten.scalar_tensor.default;prims.prod.default,prims.prod.default:no_decomp;aten.arange.default:decomp_but_untraced;aten.scalar_tensor.default:no_decomp
aten.cumsum.default,False,True,True,True,,,
aten.deg2rad.default,False,True,True,True,,,
aten.diag_embed.default,False,True,True,True,,,
aten.diagonal_copy.default,False,True,True,True,,,
aten.diagonal_scatter.default,False,False,True,False,aten.as_strided.default;aten.clone.default;aten.diagonal.default;prims.copy_to.default,aten.as_strided.default;prims.copy_to.default,prims.copy_to.default:no_decomp;aten.as_strided.default:no_decomp
aten.diagonal.default,False,True,True,True,,,
aten.digamma.default,False,True,True,True,,,
aten.dist.default,False,False,True,False,aten.norm.Scalar;aten.sub.Tensor,aten.norm.Scalar,aten.norm.Scalar:decomp_but_untraced
aten.div.Scalar,False,True,True,True,,,
aten.div.Tensor,False,True,True,True,,,
aten.div.Tensor_mode,False,True,True,True,,,
aten.dot.default,False,True,True,True,,,
aten.elu.default,False,False,True,True,aten.expm1.default;aten.gt.Scalar;aten.mul.Tensor;aten.where.self,,
aten.embedding.default,False,True,True,True,,,
aten.empty_like.default,False,True,True,True,,,
aten.empty_permuted.default,False,False,False,False,,,
aten.empty_strided.default,False,False,True,False,prims.empty_strided.default,prims.empty_strided.default,prims.empty_strided.default:no_decomp
aten.empty.memory_format,False,False,False,False,,,
aten.eq.Tensor,False,True,True,True,,,
aten.equal.default,False,True,False,True,,,
aten.erf.default,False,True,True,True,,,
aten.erfc.default,False,True,True,True,,,
aten.erfinv.default,False,True,True,True,,,
aten.exp.default,False,True,True,True,,,
aten.exp2.default,False,True,True,True,,,
aten.expand_copy.default,False,False,True,True,aten.clone.default;aten.expand.default,,
aten.expand.default,False,True,True,True,,,
aten.expm1.default,False,True,True,True,,,
aten.exponential_.default,False,False,True,False,aten.copy_.default;aten.ge.Scalar;aten.log.default;aten.mul.Tensor;aten.rand_like.default;aten.scalar_tensor.default;aten.where.self,aten.scalar_tensor.default,aten.scalar_tensor.default:no_decomp
aten.eye.default,False,False,True,False,aten._to_copy.default;aten.arange.default;aten.eq.Tensor;aten.unsqueeze.default,aten.arange.default,aten.arange.default:decomp_but_untraced
aten.fill.Scalar,False,False,True,True,aten.full_like.default,,
aten.flip.default,False,False,True,False,prims.rev.default,prims.rev.default,prims.rev.default:no_decomp
aten.floor_divide.default,False,False,True,True,aten.div.Tensor_mode,,
aten.floor.default,False,True,True,True,,,
aten.fmax.default,False,False,True,False,prims.fmax.default,prims.fmax.default,prims.fmax.default:no_decomp
aten.fmin.default,False,False,True,False,prims.fmin.default,prims.fmin.default,prims.fmin.default:no_decomp
aten.fmod.Tensor,False,True,True,True,,,
aten.frac.default,False,True,True,True,,,
aten.fractional_max_pool2d.default,False,False,False,False,,,
aten.fractional_max_pool3d.default,False,False,False,False,,,
aten.frexp.Tensor,False,False,True,False,prims.frexp.default,prims.frexp.default,prims.frexp.default:no_decomp
aten.full_like.default,False,True,False,True,,,
aten.full.default,False,False,True,False,aten.empty_strided.default;aten.fill.Scalar,aten.empty_strided.default,aten.empty_strided.default:blocked_by_1_ops
aten.gather.default,False,True,False,True,,,
aten.gcd.default,False,False,True,False,prims.gcd.default,prims.gcd.default,prims.gcd.default:no_decomp
aten.ge.Tensor,False,True,True,True,,,
aten.gelu.default,False,True,True,True,,,
aten.geometric_.default,False,False,True,True,aten.add.Tensor;aten.copy_.default;aten.div.Tensor;aten.floor.default;aten.log1p.default;aten.neg.default;aten.rand_like.default,,
aten.glu.default,False,False,True,True,aten.mul.Tensor;aten.sigmoid.default;aten.slice.Tensor,,
aten.grid_sampler_2d.default,False,False,True,False,aten._to_copy.default;aten.add.Tensor;aten.arange.default;aten.expand.default;aten.floor.default;aten.ge.Scalar;aten.index.Tensor;aten.logical_and.default;aten.lt.Scalar;aten.mul.Tensor;aten.scalar_tensor.default;aten.select.int;aten.sub.Tensor;aten.view.default;aten.where.self,aten.arange.default;aten.scalar_tensor.default,aten.arange.default:decomp_but_untraced;aten.scalar_tensor.default:no_decomp
aten.grid_sampler_3d.default,False,False,False,False,,,
aten.gt.Tensor,False,True,True,True,,,
aten.hardshrink.default,False,False,True,False,aten.abs.default;aten.le.Scalar;aten.scalar_tensor.default;aten.where.self,aten.scalar_tensor.default,aten.scalar_tensor.default:no_decomp
aten.hardsigmoid.default,False,False,True,True,aten.add.Tensor;aten.clamp.default;aten.div.Tensor,,
aten.hardswish.default,False,False,True,True,aten.add.Tensor;aten.clamp.default;aten.div.Tensor;aten.mul.Tensor,,
aten.hardtanh.default,False,False,True,True,aten.clamp.default,,
aten.hash_tensor.default,False,False,False,False,,,
aten.heaviside.default,False,False,True,False,aten.eq.Scalar;aten.isnan.default;aten.logical_or.default;aten.lt.Scalar;aten.scalar_tensor.default;aten.where.self,aten.scalar_tensor.default,aten.scalar_tensor.default:no_decomp
aten.histc.default,False,True,False,True,,,
aten.histogram.bin_ct,False,False,False,False,,,
aten.huber_loss.default,False,False,True,True,aten.abs.default;aten.lt.Scalar;aten.mul.Tensor;aten.sub.Tensor;aten.where.self,,
aten.hypot.default,False,True,True,True,,,
aten.i0.default,False,True,True,True,,,
aten.igamma.default,False,True,True,True,,,
aten.igammac.default,False,True,True,True,,,
aten.im2col.default,False,False,True,False,aten.add.Tensor;aten.arange.start_step;aten.constant_pad_nd.default;aten.index.Tensor;aten.permute.default;aten.unsqueeze.default;aten.view.default,aten.arange.start_step,aten.arange.start_step:blocked_by_1_ops
aten.index_add.default,False,False,True,True,aten.index_put.default;aten.squeeze.dim;aten.unsqueeze.default,,
aten.index_copy.default,False,False,True,True,aten.index_put.default;aten.squeeze.dim;aten.unsqueeze.default,,
aten.index_fill.int_Scalar,False,False,True,False,aten.clone.default;aten.expand.default;aten.index_copy.default;aten.scalar_tensor.default;aten.squeeze.dim;aten.unsqueeze.default,aten.scalar_tensor.default,aten.scalar_tensor.default:no_decomp
aten.index_put.default,False,True,False,True,,,
aten.index_reduce.default,False,False,False,False,,,
aten.index_select.default,False,True,True,True,,,
aten.index.Tensor,False,True,False,True,,,
aten.isin.Tensor_Tensor,False,False,True,False,aten.any.dims;aten.eq.Tensor;aten.view.default,aten.any.dims,aten.any.dims:decomp_but_untraced
aten.isinf.default,False,True,True,True,,,
aten.isnan.default,False,True,True,True,,,
aten.isneginf.default,False,True,True,True,,,
aten.isposinf.default,False,True,True,True,,,
aten.kthvalue.default,False,False,False,False,,,
aten.lcm.default,False,False,True,False,aten.abs.default;aten.eq.Scalar;aten.gcd.default;aten.mul.Tensor;aten.scalar_tensor.default;aten.where.self;prims.div.default,aten.gcd.default;aten.scalar_tensor.default;prims.div.default,prims.div.default:no_decomp;aten.gcd.default:blocked_by_1_ops;aten.scalar_tensor.default:no_decomp
aten.le.Tensor,False,True,True,True,,,
aten.leaky_relu.default,False,False,True,True,aten.gt.Scalar;aten.mul.Tensor;aten.where.self,,
aten.lerp.Scalar,False,True,True,True,,,
aten.lgamma.default,False,True,True,True,,,
aten.linalg_cross.default,False,False,True,False,aten.add.Tensor;aten.arange.default;aten.index_select.default;aten.mul.Tensor;aten.remainder.Scalar;aten.sub.Tensor,aten.arange.default,aten.arange.default:decomp_but_untraced
aten.linalg_matrix_exp.default,False,False,False,False,,,
aten.linalg_vector_norm.default,False,True,True,True,,,
aten.linspace.default,False,False,True,False,aten.full.default,aten.full.default,aten.full.default:blocked_by_1_ops
aten.linspace.Tensor_Tensor,False,False,True,False,aten._to_copy.default;aten.full.default,aten.full.default,aten.full.default:blocked_by_1_ops
aten.log_normal_.default,False,False,True,True,aten.add.Tensor;aten.copy_.default;aten.exp.default;aten.mul.Tensor;aten.randn_like.default,,
aten.log_sigmoid_forward.default,False,False,True,True,aten.abs.default;aten.exp.default;aten.log1p.default;aten.minimum.default;aten.neg.default;aten.new_zeros.default;aten.sub.Tensor,,
aten.log.default,False,True,True,True,,,
aten.log10.default,False,True,True,True,,,
aten.log1p.default,False,True,True,True,,,
aten.log2.default,False,True,True,True,,,
aten.logaddexp.default,False,True,True,True,,,
aten.logaddexp2.default,False,True,True,True,,,
aten.logcumsumexp.default,False,False,False,False,,,
aten.logical_and.default,False,True,True,True,,,
aten.logical_not.default,False,True,True,True,,,
aten.logical_or.default,False,True,True,True,,,
aten.logical_xor.default,False,True,True,True,,,
aten.logit.default,False,True,True,True,,,
aten.logspace.default,False,False,True,False,aten._to_copy.default;aten.linspace.default;aten.pow.Scalar,aten.linspace.default,aten.linspace.default:blocked_by_1_ops
aten.logspace.Tensor_Tensor,False,False,True,False,aten._to_copy.default;aten.linspace.Tensor_Tensor;aten.pow.Scalar,aten.linspace.Tensor_Tensor,aten.linspace.Tensor_Tensor:blocked_by_1_ops
aten.logsumexp.default,False,True,True,True,,,
aten.lt.Tensor,False,True,True,True,,,
aten.masked_fill.Scalar,False,True,True,True,,,
aten.masked_scatter.default,False,False,False,False,,,
aten.masked_select.default,False,False,False,False,,,
aten.max_pool2d_with_indices_backward.default,False,False,False,False,,,
aten.max_pool2d_with_indices.default,False,False,False,False,,,
aten.max_pool3d_with_indices.default,False,False,False,False,,,
aten.max_unpool2d.default,False,False,True,False,aten._unsafe_index_put.default;aten.add.Tensor;aten.arange.default;aten.mul.Tensor;aten.new_zeros.default;aten.view.default,aten._unsafe_index_put.default;aten.arange.default,aten._unsafe_index_put.default:decomp_but_untraced;aten.arange.default:decomp_but_untraced
aten.max_unpool3d.default,False,False,True,False,aten._unsafe_index_put.default;aten.add.Tensor;aten.arange.default;aten.mul.Tensor;aten.new_zeros.default;aten.view.default,aten._unsafe_index_put.default;aten.arange.default,aten._unsafe_index_put.default:decomp_but_untraced;aten.arange.default:decomp_but_untraced
aten.max.default,False,True,False,True,,,
aten.max.dim,False,True,False,True,,,
aten.maximum.default,False,True,True,True,,,
aten.mean.default,False,True,True,True,,,
aten.median.default,False,False,False,False,,,
aten.min.default,False,True,False,True,,,
aten.min.dim,False,True,False,True,,,
aten.minimum.default,False,True,True,True,,,
aten.mish.default,False,False,True,True,aten.mul.Tensor;aten.softplus.default;aten.tanh.default,,
aten.mm.default,False,True,False,True,,,
aten.mode.default,False,False,False,False,,,
aten.mse_loss.default,False,False,True,True,aten.mean.default;aten.pow.Tensor_Scalar;aten.sub.Tensor,,
aten.mul.Scalar,False,True,True,True,,,
aten.mul.Tensor,False,True,True,True,,,
aten.multi_margin_loss.default,False,False,True,False,aten.add.Tensor;aten.arange.default;aten.clamp_min.default;aten.gather.default;aten.mean.default;aten.ne.Tensor;aten.rsub.Scalar;aten.scalar_tensor.default;aten.unsqueeze.default;aten.view.default;aten.where.self,aten.arange.default;aten.ne.Tensor;aten.scalar_tensor.default,aten.scalar_tensor.default:no_decomp;aten.arange.default:decomp_but_untraced;aten.ne.Tensor:blocked_by_1_ops
aten.multilabel_margin_loss_forward.default,False,False,True,False,aten._to_copy.default;aten.add.Tensor;aten.amin.default;aten.any.dim;aten.arange.default;aten.clamp_min.default;aten.div.Tensor;aten.eq.Scalar;aten.eq.Tensor;aten.gather.default;aten.lt.Tensor;aten.mean.default;aten.permute.default;aten.rsub.Scalar;aten.scalar_tensor.default;aten.sum.dim_IntList;aten.unsqueeze.default;aten.view.default;aten.where.self,aten.arange.default;aten.scalar_tensor.default,aten.scalar_tensor.default:no_decomp;aten.arange.default:decomp_but_untraced
aten.multinomial.default,False,False,False,False,,,
aten.mv.default,False,False,True,True,aten.mul.Tensor;aten.sum.dim_IntList,,
aten.mvlgamma.default,False,True,True,True,,,
aten.nan_to_num.default,False,True,True,True,,,
aten.nanmedian.default,False,False,False,False,,,
aten.nanmedian.dim,False,False,False,False,,,
aten.nansum.default,False,False,True,False,aten.isnan.default;aten.scalar_tensor.default;aten.sum.dim_IntList;aten.where.self,aten.scalar_tensor.default,aten.scalar_tensor.default:no_decomp
aten.narrow_copy.default,False,False,True,True,aten.clone.default;aten.slice.Tensor,,
aten.native_batch_norm.default,False,False,True,False,aten.add.Tensor;aten.copy_.default;aten.mul.Tensor;aten.rsqrt.default;aten.squeeze.dims;aten.sub.Tensor;aten.unsqueeze.default;aten.var_mean.correction,aten.squeeze.dims;aten.var_mean.correction,aten.var_mean.correction:blocked_by_3_ops;aten.squeeze.dims:blocked_by_1_ops
aten.native_dropout_backward.default,False,True,True,True,,,
aten.native_group_norm.default,False,False,True,False,aten.add.Tensor;aten.as_strided.default;aten.mul.Tensor;aten.neg.default;aten.rsqrt.default;aten.squeeze.dims;aten.unsqueeze.default;aten.var_mean.correction;aten.view.default,aten.as_strided.default;aten.squeeze.dims;aten.var_mean.correction,aten.var_mean.correction:blocked_by_3_ops;aten.as_strided.default:no_decomp;aten.squeeze.dims:blocked_by_1_ops
aten.native_layer_norm.default,False,True,True,True,,,
aten.ne.Tensor,False,False,True,False,prims.ne.default,prims.ne.default,prims.ne.default:no_decomp
aten.neg.default,False,True,True,True,,,
aten.new_empty_strided.default,False,True,True,True,,,
aten.new_empty.default,False,True,True,True,,,
aten.new_full.default,False,True,True,True,,,
aten.new_ones.default,False,True,True,True,,,
aten.new_zeros.default,False,True,True,True,,,
aten.nextafter.default,False,True,True,True,,,
aten.nll_loss_forward.default,False,True,True,True,,,
aten.nonzero_static.default,False,False,False,False,,,
aten.nonzero.default,False,False,False,False,,,
aten.norm.ScalarOpt_dim,False,False,True,True,aten.linalg_vector_norm.default,,
aten.normal_.default,False,True,True,True,,,
aten.normal.float_float,False,False,True,False,aten.add.Tensor;aten.mul.Tensor;prims.normal.default,prims.normal.default,prims.normal.default:no_decomp
aten.normal.Tensor_Tensor,False,False,True,False,aten.add.Tensor;aten.mul.Tensor;prims.normal.default,prims.normal.default,prims.normal.default:no_decomp
aten.ones_like.default,False,True,True,True,,,
aten.ones.default,False,False,True,False,aten.full.default,aten.full.default,aten.full.default:blocked_by_1_ops
aten.permute_copy.default,False,False,True,True,aten.clone.default;aten.permute.default,,
aten.permute.default,False,True,True,True,,,
aten.pixel_shuffle.default,False,False,True,True,aten.clone.default;aten.permute.default;aten.view.default,,
aten.pixel_unshuffle.default,False,False,True,True,aten.clone.default;aten.permute.default;aten.view.default,,
aten.polar.default,False,False,True,True,aten.complex.default;aten.copy_.default;aten.cos.default;aten.mul.Tensor;aten.select.int;aten.sin.default;aten.view_as_real.default,,
aten.polygamma.default,False,True,False,True,,,
aten.pow.Tensor_Scalar,False,True,True,True,,,
aten.pow.Tensor_Tensor,False,True,True,True,,,
aten.prod.default,False,True,True,True,,,
aten.put.default,False,False,False,False,,,
aten.rad2deg.default,False,True,True,True,,,
aten.randint_like.default,False,True,False,True,,,
aten.randint.default,False,False,False,False,,,
aten.randn_like.default,False,True,False,True,,,
aten.randn.default,False,False,True,False,prims.normal.default,prims.normal.default,prims.normal.default:no_decomp
aten.reciprocal.default,False,True,True,True,,,
aten.reflection_pad1d.default,False,False,True,False,aten._unsafe_index.Tensor;aten.abs.default;aten.arange.start;aten.rsub.Scalar,aten._unsafe_index.Tensor;aten.arange.start,aten._unsafe_index.Tensor:decomp_but_untraced;aten.arange.start:decomp_but_untraced
aten.relu.default,False,True,True,True,,,
aten.remainder.Tensor,False,True,True,True,,,
aten.renorm.default,False,False,True,False,aten.add.Tensor;aten.gt.Scalar;aten.linalg_vector_norm.default;aten.mul.Tensor;aten.reciprocal.default;aten.scalar_tensor.default;aten.where.self,aten.scalar_tensor.default,aten.scalar_tensor.default:no_decomp
aten.repeat.default,False,True,True,True,,,
aten.replication_pad1d.default,False,False,True,False,aten._unsafe_index.Tensor;aten.arange.start;aten.clamp.default,aten._unsafe_index.Tensor;aten.arange.start,aten._unsafe_index.Tensor:decomp_but_untraced;aten.arange.start:decomp_but_untraced
aten.replication_pad2d.default,False,False,True,False,aten._unsafe_index.Tensor;aten.arange.start;aten.clamp.default,aten._unsafe_index.Tensor;aten.arange.start,aten._unsafe_index.Tensor:decomp_but_untraced;aten.arange.start:decomp_but_untraced
aten.resize_.default,False,False,False,False,,,
aten.resize_as_.default,False,False,False,False,,,
aten.roll.default,False,False,True,True,aten.clone.default,,
aten.rot90.default,False,False,True,False,aten.flip.default;aten.transpose.int,aten.flip.default,aten.flip.default:blocked_by_1_ops
aten.round.decimals,False,True,True,True,,,
aten.round.default,False,True,True,True,,,
aten.rrelu_with_noise.default,False,False,False,False,,,
aten.rsqrt.default,False,True,True,True,,,
aten.rsub.Tensor,False,False,True,True,aten.sub.Tensor,,
aten.scalar_tensor.default,False,False,False,False,,,
aten.scatter_.value,False,True,True,True,,,
aten.scatter_add.default,False,True,False,True,,,
aten.scatter_reduce.two,False,False,False,False,,,
aten.scatter.src,False,True,False,True,,,
aten.searchsorted.Tensor,False,False,False,False,,,
aten.segment_reduce.default,False,False,False,False,,,
aten.select_scatter.default,False,False,True,False,aten.arange.default;aten.eq.Scalar;aten.expand.default;aten.unsqueeze.default;aten.view.default;aten.where.self,aten.arange.default,aten.arange.default:decomp_but_untraced
aten.select.int,False,True,False,True,,,
aten.sgn.default,False,True,True,True,,,
aten.sigmoid.default,False,True,True,True,,,
aten.sign.default,False,True,True,True,,,
aten.signbit.default,False,True,True,True,,,
aten.silu.default,False,True,True,True,,,
aten.sin.default,False,True,True,True,,,
aten.sinc.default,False,True,True,True,,,
aten.sinh.default,False,True,True,True,,,
aten.slice_scatter.default,False,True,True,True,,,
aten.slice.Tensor,False,True,True,True,,,
aten.smooth_l1_loss.default,False,False,True,True,aten.abs.default;aten.div.Tensor;aten.lt.Scalar;aten.mean.default;aten.mul.Tensor;aten.pow.Tensor_Scalar;aten.sub.Tensor;aten.where.self,,
aten.soft_margin_loss.default,False,False,True,True,aten.exp.default;aten.log1p.default;aten.mean.default;aten.mul.Tensor;aten.neg.default,,
aten.softplus.default,False,False,True,True,aten.div.Tensor;aten.exp.default;aten.gt.Scalar;aten.log1p.default;aten.mul.Tensor;aten.where.self,,
aten.softshrink.default,False,False,True,True,aten.abs.default;aten.gt.Scalar;aten.mul.Tensor;aten.sign.default;aten.sub.Tensor;aten.where.self,,
aten.sort.default,False,True,False,True,,,
aten.special_airy_ai.default,False,False,False,False,,,
aten.special_bessel_j0.default,False,False,True,False,prims.bessel_j0.default,prims.bessel_j0.default,prims.bessel_j0.default:no_decomp
aten.special_bessel_j1.default,False,False,True,False,prims.bessel_j1.default,prims.bessel_j1.default,prims.bessel_j1.default:no_decomp
aten.special_bessel_y0.default,False,False,False,False,,,
aten.special_bessel_y1.default,False,False,False,False,,,
aten.special_chebyshev_polynomial_t.default,False,False,False,False,,,
aten.special_chebyshev_polynomial_u.default,False,False,False,False,,,
aten.special_chebyshev_polynomial_v.default,False,False,False,False,,,
aten.special_chebyshev_polynomial_w.default,False,False,False,False,,,
aten.special_entr.default,False,False,True,False,aten.eq.Scalar;aten.gt.Scalar;aten.isnan.default;aten.log.default;aten.mul.Tensor;aten.neg.default;aten.scalar_tensor.default;aten.where.self,aten.scalar_tensor.default,aten.scalar_tensor.default:no_decomp
aten.special_erfcx.default,False,False,True,False,prims.erfcx.default,prims.erfcx.default,prims.erfcx.default:no_decomp
aten.special_hermite_polynomial_h.default,False,False,False,False,,,
aten.special_hermite_polynomial_he.default,False,False,False,False,,,
aten.special_i0e.default,False,False,True,False,prims.bessel_i0e.default,prims.bessel_i0e.default,prims.bessel_i0e.default:no_decomp
aten.special_i1.default,False,False,True,False,prims.bessel_i1.default,prims.bessel_i1.default,prims.bessel_i1.default:no_decomp
aten.special_i1e.default,False,False,True,False,prims.bessel_i1e.default,prims.bessel_i1e.default,prims.bessel_i1e.default:no_decomp
aten.special_laguerre_polynomial_l.default,False,False,False,False,,,
aten.special_legendre_polynomial_p.default,False,False,False,False,,,
aten.special_log_ndtr.default,False,False,True,False,aten.div.Tensor;aten.erfc.default;aten.log.default;aten.log1p.default;aten.lt.Scalar;aten.mul.Tensor;aten.neg.default;aten.special_erfcx.default;aten.sub.Tensor;aten.where.self,aten.special_erfcx.default,aten.special_erfcx.default:blocked_by_1_ops
aten.special_modified_bessel_i0.default,False,False,False,False,,,
aten.special_modified_bessel_i1.default,False,False,False,False,,,
aten.special_modified_bessel_k0.default,False,False,False,False,,,
aten.special_modified_bessel_k1.default,False,False,False,False,,,
aten.special_ndtri.default,False,False,True,False,prims.ndtri.default,prims.ndtri.default,prims.ndtri.default:no_decomp
aten.special_scaled_modified_bessel_k0.default,False,False,False,False,,,
aten.special_scaled_modified_bessel_k1.default,False,False,False,False,,,
aten.special_shifted_chebyshev_polynomial_t.default,False,False,False,False,,,
aten.special_shifted_chebyshev_polynomial_u.default,False,False,False,False,,,
aten.special_shifted_chebyshev_polynomial_v.default,False,False,False,False,,,
aten.special_shifted_chebyshev_polynomial_w.default,False,False,False,False,,,
aten.special_spherical_bessel_j0.default,False,False,True,False,prims.spherical_bessel_j0.default,prims.spherical_bessel_j0.default,prims.spherical_bessel_j0.default:no_decomp
aten.special_xlog1py.default,False,False,True,False,aten.eq.Scalar;aten.isnan.default;aten.log1p.default;aten.mul.Tensor;aten.scalar_tensor.default;aten.where.self,aten.scalar_tensor.default,aten.scalar_tensor.default:no_decomp
aten.special_zeta.default,False,False,True,False,prims.zeta.default,prims.zeta.default,prims.zeta.default:no_decomp
aten.split_with_sizes_copy.default,False,True,True,True,,,
aten.split_with_sizes.default,False,True,True,True,,,
aten.split.Tensor,False,True,True,True,,,
aten.sqrt.default,False,True,True,True,,,
aten.squeeze_.dim,False,True,False,True,,,
aten.squeeze_copy.default,False,False,True,True,aten.clone.default;aten.squeeze.default,,
aten.squeeze.default,False,True,True,True,,,
aten.squeeze.dim,False,True,True,True,,,
aten.squeeze.dims,False,False,True,False,prims.view_of.default,prims.view_of.default,prims.view_of.default:no_decomp
aten.stack.default,False,True,True,True,,,
aten.std_mean.correction,False,False,True,False,aten.sqrt.default;aten.var_mean.correction,aten.var_mean.correction,aten.var_mean.correction:blocked_by_3_ops
aten.std.correction,False,True,True,True,,,
aten.sub.Tensor,False,True,True,True,,,
aten.sum.default,False,True,True,True,,,
aten.sum.dim_IntList,False,True,True,True,,,
aten.t_copy.default,False,False,True,True,aten.clone.default;aten.t.default,,
aten.t.default,False,True,True,True,,,
aten.take.default,False,False,True,True,aten.index.Tensor;aten.view.default,,
aten.tan.default,False,True,True,True,,,
aten.tanh.default,False,True,True,True,,,
aten.threshold.default,False,False,True,False,aten.le.Scalar;aten.scalar_tensor.default;aten.where.self,aten.scalar_tensor.default,aten.scalar_tensor.default:no_decomp
aten.topk.default,False,True,False,True,,,
aten.trace.default,False,False,True,True,aten.diagonal_copy.default;aten.sum.default,,
aten.transpose_copy.int,False,False,True,True,aten.clone.default;aten.transpose.int,,
aten.transpose.int,False,True,True,True,,,
aten.tril_indices.default,False,False,True,False,aten._to_copy.default;aten.add.Tensor;aten.arange.start;aten.cat.default;aten.floor.default;aten.floor_divide.default;aten.mul.Tensor;aten.remainder.Scalar;aten.sqrt.default;aten.stack.default;aten.sub.Tensor,aten.arange.start,aten.arange.start:decomp_but_untraced
aten.tril.default,False,True,True,True,,,
aten.triu_indices.default,False,False,True,False,aten._to_copy.default;aten.add.Tensor;aten.arange.start;aten.cat.default;aten.floor.default;aten.floor_divide.default;aten.mul.Tensor;aten.remainder.Scalar;aten.rsub.Scalar;aten.sqrt.default;aten.stack.default;aten.sub.Tensor,aten.arange.start,aten.arange.start:decomp_but_untraced
aten.triu.default,False,True,True,True,,,
aten.trunc.default,False,True,True,True,,,
aten.unbind_copy.int,False,False,True,True,aten.clone.default;aten.unbind.int,,
aten.unbind.int,False,True,True,True,,,
aten.unfold_copy.default,False,False,True,False,aten.clone.default;aten.unfold.default,aten.unfold.default,aten.unfold.default:blocked_by_1_ops
aten.unfold.default,False,False,True,False,aten.as_strided.default,aten.as_strided.default,aten.as_strided.default:no_decomp
aten.uniform_.default,False,True,True,True,,,
aten.unique_consecutive.default,False,False,False,False,,,
aten.unsafe_split.Tensor,False,False,True,True,aten.split.Tensor,,
aten.unsqueeze_copy.default,False,False,True,True,aten.clone.default;aten.unsqueeze.default,,
aten.unsqueeze.default,False,True,True,True,,,
aten.upsample_bicubic2d.default,False,True,True,True,,,
aten.upsample_bilinear2d.default,False,True,True,True,,,
aten.upsample_linear1d.default,False,True,True,True,,,
aten.upsample_nearest1d.default,False,False,True,False,aten._to_copy.default;aten._unsafe_index.Tensor;aten.add.Tensor;aten.arange.default;aten.mul.Tensor,aten._unsafe_index.Tensor;aten.arange.default,aten._unsafe_index.Tensor:decomp_but_untraced;aten.arange.default:decomp_but_untraced
aten.upsample_trilinear3d.default,False,True,True,True,,,
aten.var_mean.correction,False,False,True,False,prims.div.default;prims.sum.default;prims.var.default,prims.div.default;prims.sum.default;prims.var.default,prims.div.default:no_decomp;prims.var.default:no_decomp;prims.sum.default:no_decomp
aten.var.correction,False,True,True,True,,,
aten.vdot.default,False,False,True,True,aten.dot.default,,
aten.view_as_complex.default,False,True,False,True,,,
aten.view_copy.default,False,False,True,True,aten.clone.default;aten.view.default,,
aten.view.default,False,True,True,True,,,
aten.where.self,False,True,True,True,,,
aten.xlogy.Tensor,False,True,True,True,,,
aten.zero_.default,False,True,True,True,,,
aten.zeros_like.default,False,True,True,True,,,
aten.zeros.default,False,False,True,False,aten.full.default,aten.full.default,aten.full.default:blocked_by_1_ops
cholesky,True,False,False,False,,,
cholesky_inverse,True,False,False,False,,,
cholesky_solve,True,False,False,False,,,
geqrf,True,False,False,False,,,
imag,True,False,False,False,,,
istft,True,False,False,False,,,
jiterator_2inputs_2outputs,True,False,False,False,,,
jiterator_4inputs_with_extra_args,True,False,False,False,,,
jiterator_binary,True,False,False,False,,,
jiterator_binary_return_by_ref,True,False,False,False,,,
jiterator_unary,True,False,False,False,,,
linalg.cholesky,True,False,False,False,,,
linalg.cholesky_ex,True,False,False,False,,,
linalg.cond,True,False,False,False,,,
linalg.eig,True,False,False,False,,,
linalg.eigh,True,False,False,False,,,
linalg.eigvals,True,False,False,False,,,
linalg.eigvalsh,True,False,False,False,,,
linalg.householder_product,True,False,False,False,,,
linalg.inv,True,False,False,False,,,
linalg.inv_ex,True,False,False,False,,,
linalg.ldl_factor,True,False,False,False,,,
linalg.ldl_factor_ex,True,False,False,False,,,
linalg.ldl_solve,True,False,False,False,,,
linalg.lstsq,True,False,False,False,,,
linalg.lu,True,False,False,False,,,
linalg.lu_factor,True,False,False,False,,,
linalg.lu_factor_ex,True,False,False,False,,,
linalg.lu_solve,True,False,False,False,,,
linalg.matrix_rank,True,False,False,False,,,
linalg.pinv,True,False,False,False,,,
linalg.qr,True,False,False,False,,,
linalg.solve,True,False,False,False,,,
linalg.solve_ex,True,False,False,False,,,
linalg.solve_triangular,True,False,False,False,,,
linalg.svdvals,True,False,False,False,,,
linalg.tensorinv,True,False,False,False,,,
linalg.tensorsolve,True,False,False,False,,,
lu,True,False,False,False,,,
lu_solve,True,False,False,False,,,
lu_unpack,True,False,False,False,,,
nn.functional.batch_norm,True,False,False,False,,,
nn.functional.silu,True,False,False,False,,,
norm,True,False,False,False,,,
ormqr,True,False,False,False,,,
pca_lowrank,True,False,False,False,,,
pinverse,True,False,False,False,,,
qr,True,False,False,False,,,
sparse.mm,True,False,False,False,,,
sparse.sampled_addmm,True,False,False,False,,,
svd_lowrank,True,False,False,False,,,
to_sparse,True,False,False,False,,,
torch._scaled_mm_v2,True,False,False,False,,,
torch.ops.aten._efficient_attention_forward,True,False,False,False,,,
torch.ops.aten._flash_attention_forward,True,False,False,False,,,
triangular_solve,True,False,False,False,,,
view_as_real,True,False,False,False,,,
